{
    "personalLoan": {
        "heading": "Personal Loan",
        "para": "Personal loan are designed around your capital requirements with a hassle-free application process. This quick personal loan can accomplish your plans such as marriage, vacations, home renovation and much more. With billionaire fund best personal loan in india, you do not have to compromise on your bucket list! You can get a personal loan from rs. 50,000 upto rs. 40,00,000 with minimal documentation and speedy approval from billionaire fund. Also, you can transfer your existing high interest personal loan to billionaire fund as well. With a quick approval on personal loans, turn your dreams into reality! Apply for a personal loan online today with billionaire fund finance and fulfil your dreams!"
    },
    "carLoan": {
        "heading": "Car Loan",
        "para": "Dreaming of owning a car? Billionaire Fund Car Loan aims to ensures that you drive around the city in your own vehicle! Avail a car loan, or opt for a pre-approved car loan, and get the best interest rate. Billionaire Fund New Car Loan offers car loans from Rs. 1 Lakh upto 100% on-road price along with benefits. Apply for an Billionaire Fund New Car Loan and make your dream of owning a car come true."
    },
    "homeLoan": {
        "heading": "Home Loan",
        "para": "Our affordable and flexible Home EMIs Loans are designed to take you closer to your dream home. Apply for an Billionaire Fund New Home EMIs Loan and make your dream of owning a home come true. For further information about our Approved Projects, please click on Apply Now."
    },
    "educationLoan": {
        "heading": "Education Loan",
        "para": "Billionaire Fund brings you Education Loans for studies both in India and abroad starting from Rs. 50,000 at attractive interest rates. With an Billionaire Fund Education Loan you can enjoy a host of benefits such as simple documentation, quick loan disbursal, tax benefit u/s 80(E), long repayment tenure, etc. Apply for a education loan online today with Billionaire Fund Finance and fulfil your dreams!"
    },
    "goldLoan": {
        "heading": "Gold Loan",
        "para": "Have an urgent need for cash, Now you can use your gold to avail a Gold Loan starting from Rs. 25,001 upto Rs. 25,00,000. Billionaire Fund Gold Loans provide loan against gold with same day loan disbursement. Apply now for Gold Loan and get quick approvals."
    },
    "businessLoan": {
        "heading": "Business Loan",
        "para": "Are you a manufacturer, retailer, trader or a professional running your own business? Then you would be aware about the challenges of managing your daily operations on one hand while trying to expand with the other. Today, liquidity for a self-employed is of supreme importance. Moreover, meeting your growing business requirements doesn’t come to you on a platter. This is where we play a role. Billionaire Fund now offers collateral-free EMI-based Business Loans for the self-employed with minimum documentation. While you decide whether to use the amount for the entire tenure or to pre-close it faster, we help you to mitigate your immediate liquidity requirements while keeping your business adequately funded to prosper. You can apply and avail the loan online and then repay in easy instalments as convenient."
    },
    "twoWheelerLoan": {
        "heading": "TwoWheeler Loan",
        "para": "Bringing home the ride of your choice has become easier than ever with Two Wheeler Loan from Billionaire Fund. We offer up to 100% on road funding with minimal documentation all at affordable EMIs to suit your needs. Apply for an Billionaire Fund."
    },
    "holidayLoan": {
        "heading": "Holiday Loan",
        "para": "If you’ve been dreaming of a vacation for a long time, don’t let the expenses hold you back. Instead, opt for a Travel Loan (a Personal Loan for travel) and make memories to last you a lifetime. Apply for an Billionaire Fund and Live your dreams now."
    },
    "loanAgainstProperty": {
        "heading": "Holiday Loan",
        "para": "If you’re looking for funding and have a commercial or residential property which you can offer as collateral, then Billionaire Fund Loan against Property is just what you need. Billionaire Fund offers easy and hassle-free Loan against Property for a loan amount starting from Rs. 3 Lakhs. You can avail loan against residential or commercial properties at attractive rates of interest. Apply for an Billionaire Fund New Property loan and make your dream of owning a Property come true."
    }
}